{
  "rmse_total": 0.9595894813537598,
  "rmse_per_component": {
    "x": 0.0002000803069677204,
    "y": 0.00023280152527149767,
    "z": 1.0312418937683105,
    "vx": 0.014212553389370441,
    "vy": 0.016582369804382324,
    "vz": 3.2851452827453613,
    "q0": 0.4139880836009979,
    "q1": 0.03003566525876522,
    "q2": 0.7037895321846008,
    "q3": 0.5764986872673035,
    "wx": 4.973749696546292e-07,
    "wy": 5.620183429755343e-08,
    "wz": 1.8899073950251477e-07,
    "m": 0.18752770125865936
  },
  "rmse_translation": 1.405714511871338,
  "rmse_rotation": 0.37796446681022644,
  "rmse_mass": 0.18752634525299072,
  "delta_state_norm_mean": 0.028544502332806587,
  "delta_state_norm_max": 0.043523598462343216,
  "quat_norm_mean_after": 1.08260977268219,
  "quat_norm_std_after": 2.1625803015012934e-07,
  "debug_stats": {
    "quat_norm_raw_mean": 0.5858022212982178,
    "quat_norm_raw_std": 0.004418084304779768,
    "quat_norm_mean": 1.0,
    "quat_norm_std": 3.813593423274142e-08,
    "mass_increase_ratio": 0.0,
    "delta_state_l2_mean": 1.2824432611465455,
    "delta_state_l2_max": 1.287532925605774,
    "shared_embedding_stats": {
      "mean": -5.24171439586496e-10,
      "std": 0.9999957084655762,
      "min": -3.9377505779266357,
      "max": 3.4103826522827148
    }
  }
}