{
  "rmse_total": 0.8517928719520569,
  "rmse_per_component": {
    "x": 6.321011483123584e-07,
    "y": 3.676387947373622e-19,
    "z": 1.0087506771087646,
    "vx": 0.0663343071937561,
    "vy": 3.891147267827843e-17,
    "vz": 3.017005205154419,
    "q0": 0.06009490787982941,
    "q1": 2.1644533994932106e-17,
    "q2": 0.06242299824953079,
    "q3": 6.618861695377402e-17,
    "wx": 5.091685445151785e-17,
    "wy": 1.2699457485609855e-08,
    "wz": 3.8633884099595434e-19,
    "m": 0.16085809469223022
  }
}