{
  "rmse_total": 0.2998993396759033,
  "rmse_per_component": {
    "x": 0.0227385051548481,
    "y": 0.017569882795214653,
    "z": 0.2591129541397095,
    "vx": 0.2757488489151001,
    "vy": 0.014822768978774548,
    "vz": 0.9975173473358154,
    "q0": 0.06545159965753555,
    "q1": 0.007955996319651604,
    "q2": 0.32941967248916626,
    "q3": 0.01144129503518343,
    "wx": 0.016554338857531548,
    "wy": 0.019536495208740234,
    "wz": 0.007637600880116224,
    "m": 0.07858815044164658
  },
  "rmse_translation": 0.43575015664100647,
  "rmse_rotation": 0.12745270133018494,
  "rmse_mass": 0.07858817279338837,
  "delta_state_norm_mean": 2.4837965965270996,
  "delta_state_norm_max": 5.040228843688965,
  "quat_norm_mean_after": 1.0,
  "quat_norm_std_after": 4.334562930807806e-08
}