{
  "name": "rocket_6dof_v1",
  "created_utc": "2025-11-09T09:00:18.004389Z",
  "git_hash": "ad1b4ad",
  "sizes": {
    "train": 120,
    "val": 20,
    "test": 20
  },
  "time_grid": {
    "hz": 50,
    "T": 0.9487666034155597,
    "N": 1501
  },
  "param_ranges": {
    "param_0": [
      0.9024861445129194,
      1.2986171088402307
    ],
    "param_1": [
      0.8814916867077517,
      1.1191702653041384
    ],
    "param_2": [
      0.2535339350160076,
      0.44838318065668703
    ],
    "param_3": [
      2.512430722564597,
      4.468418968390723
    ]
  },
  "solver_stats": {
    "mean_iter": 0.0,
    "mean_time_s": 0.0,
    "fail_rate": 0.0
  },
  "constraints": {
    "qmax": 40000.0,
    "nmax": 5.0
  },
  "quality": {
    "violations": 0,
    "quat_norm_max_err": 1e-07
  },
  "scales": {
    "L": 10000.0,
    "V": 313.0,
    "T": 31.62,
    "M": 50.0,
    "F": 490.0,
    "W": 0.0316,
    "N": 588.0,
    "RHO": 1.225
  },
  "checksum": "sha256:15f4096506f28fc8fa7a70a319cbeb6f28300777a34f7e7e7556370e75cefc43"
}