{
  "rmse_total": 0.19965215027332306,
  "rmse_per_component": {
    "x": 0.018271315842866898,
    "y": 0.001844296115450561,
    "z": 0.07440409064292908,
    "vx": 0.27163922786712646,
    "vy": 0.0019373284885659814,
    "vz": 0.5980259776115417,
    "q0": 0.07595214992761612,
    "q1": 0.0008826404227875173,
    "q2": 0.3384428322315216,
    "q3": 0.0004769378574565053,
    "wx": 0.0006835723179392517,
    "wy": 0.008595917373895645,
    "wz": 0.0007431026897393167,
    "m": 0.01905129663646221
  },
  "rmse_translation": 0.2699698805809021,
  "rmse_rotation": 0.13114245235919952,
  "rmse_mass": 0.019051294773817062,
  "delta_state_norm_mean": 2.7303130626678467,
  "delta_state_norm_max": 7.521908760070801,
  "quat_norm_mean_after": 1.0,
  "quat_norm_std_after": 9.043025883670452e-09
}