{
  "rmse_total": 1.00504469871521,
  "rmse_per_component": {
    "x": 2.167180809919955e-06,
    "y": 4.0302134038938675e-06,
    "z": 1.0962450504302979,
    "vx": 0.003780438331887126,
    "vy": 0.005855316296219826,
    "vz": 3.452643632888794,
    "q0": 0.4887639880180359,
    "q1": 0.035853296518325806,
    "q2": 0.648531436920166,
    "q3": 0.5824440121650696,
    "wx": 6.0963329815422185e-06,
    "wy": 4.166932194493711e-05,
    "wz": 3.16323566948995e-05,
    "m": 0.13766123354434967
  },
  "rmse_translation": 1.478887915611267,
  "rmse_rotation": 0.37796446681022644,
  "rmse_mass": 0.13766136765480042,
  "delta_state_norm_mean": 0.08053673803806305,
  "delta_state_norm_max": 0.20995715260505676,
  "quat_norm_mean_after": 1.0111098289489746,
  "quat_norm_std_after": 1.6311561921611428e-05,
  "debug_stats": {
    "quat_norm_raw_mean": 0.6155789017677307,
    "quat_norm_raw_std": 0.005410975497215986,
    "quat_norm_mean": 1.0,
    "quat_norm_std": 3.8368410315570146e-08,
    "mass_increase_ratio": 0.04239999949932098,
    "delta_state_l2_mean": 1.1515338897705079,
    "delta_state_l2_max": 1.2099626064300537,
    "shared_embedding_stats": {
      "mean": -1.3024865630484328e-09,
      "std": 0.9999957084655762,
      "min": -3.92905592918396,
      "max": 3.5182728290557863
    }
  }
}