{
  "rmse_total": 0.8557551503181458,
  "rmse_per_component": {
    "x": 1.2325729130679974e-06,
    "y": 2.0954865872643364e-16,
    "z": 1.0096614360809326,
    "vx": 0.0651889368891716,
    "vy": 6.127728169757717e-17,
    "vz": 3.0313658714294434,
    "q0": 0.10699009150266647,
    "q1": 3.1143373223678643e-17,
    "q2": 0.06213265657424927,
    "q3": 1.46307057993337e-17,
    "wx": 3.036054868254867e-16,
    "wy": 2.355150297006503e-09,
    "wz": 6.780578813853969e-17,
    "m": 0.15570996701717377
  },
  "rmse_translation": 1.3046633005142212,
  "rmse_rotation": 0.04676882177591324,
  "rmse_mass": 0.15571258962154388,
  "delta_state_norm_mean": 1.2778465134033468e-05,
  "delta_state_norm_max": 2.198740367020946e-05,
  "quat_norm_mean_after": 0.8951497077941895,
  "quat_norm_std_after": 9.942619954017573e-07
}