{
  "rmse_total": 0.19890999794006348,
  "rmse_per_component": {
    "x": 0.01932767778635025,
    "y": 0.0011913030175492167,
    "z": 0.06817440688610077,
    "vx": 0.2782454490661621,
    "vy": 0.0017866658745333552,
    "vz": 0.5911574959754944,
    "q0": 0.07653705775737762,
    "q1": 0.0007822373881936073,
    "q2": 0.34022241830825806,
    "q3": 0.00046736194053664804,
    "wx": 0.0006767261656932533,
    "wy": 0.008280469104647636,
    "wz": 0.0004701038124039769,
    "m": 0.01778913475573063
  },
  "rmse_translation": 0.2683022916316986,
  "rmse_rotation": 0.13184380531311035,
  "rmse_mass": 0.01778917945921421,
  "delta_state_norm_mean": 2.7362515926361084,
  "delta_state_norm_max": 7.575575351715088,
  "quat_norm_mean_after": 1.0,
  "quat_norm_std_after": 7.746022490096038e-09
}