{
  "rmse_total": 0.8158281445503235,
  "rmse_per_component": {
    "x": 0.0022696801461279392,
    "y": 0.0008663023472763598,
    "z": 1.0279847383499146,
    "vx": 0.004112204071134329,
    "vy": 0.0042664362117648125,
    "vz": 2.6879804134368896,
    "q0": 0.09726478159427643,
    "q1": 0.6120853424072266,
    "q2": 0.7268155813217163,
    "q3": 0.296455442905426,
    "wx": 0.0030096182599663734,
    "wy": 0.0010954425670206547,
    "wz": 0.002510108519345522,
    "m": 0.18967562913894653
  },
  "rmse_translation": 1.1748801469802856,
  "rmse_rotation": 0.37796762585639954,
  "rmse_mass": 0.18968354165554047,
  "delta_state_norm_mean": 2.2427751900977455e-05,
  "delta_state_norm_max": 4.0824943425832316e-05,
  "quat_norm_mean_after": 1.3436791896820068,
  "quat_norm_std_after": 3.539824433573813e-08,
  "debug_stats": {
    "quat_norm_raw_mean": 7.990288162231446,
    "quat_norm_raw_std": 0.0019823414273560046,
    "quat_norm_mean": 1.0,
    "mass_increase_ratio": 0.0,
    "delta_state_l2_mean": 1.878613829612732,
    "delta_state_l2_max": 1.878631591796875,
    "context_embedding_stats": {
      "mean": 0.00811162032186985,
      "std": 0.0758774682879448,
      "min": -0.16034032106399537,
      "max": 0.1255528748035431
    }
  }
}