{
  "rmse_total": 0.19776923954486847,
  "rmse_per_component": {
    "x": 0.020073302090168,
    "y": 0.0020230100490152836,
    "z": 0.06380781531333923,
    "vx": 0.279864102602005,
    "vy": 0.0014174438547343016,
    "vz": 0.5850682258605957,
    "q0": 0.0764031633734703,
    "q1": 0.0004946304834447801,
    "q2": 0.3410435914993286,
    "q3": 0.0005925565492361784,
    "wx": 0.000985760590992868,
    "wy": 0.009012960828840733,
    "wz": 0.0005126580945216119,
    "m": 0.015373106114566326
  },
  "rmse_translation": 0.266179621219635,
  "rmse_rotation": 0.1321425437927246,
  "rmse_mass": 0.015373139642179012,
  "delta_state_norm_mean": 2.7479665279388428,
  "delta_state_norm_max": 7.619242191314697,
  "quat_norm_mean_after": 1.0,
  "quat_norm_std_after": 8.412505358990074e-09
}