{
  "best.pt": {
    "description": "Best (Phase 1, epoch 71)",
    "epoch": 71,
    "metrics": {
      "loss_total": {
        "mean": 2.987513224283854,
        "std": 0.06200814207371643,
        "max": 3.0629265308380127,
        "min": 2.9110491275787354
      },
      "loss_data": {
        "mean": 0.08999243378639221,
        "std": 0.005463222076387102,
        "max": 0.09431346505880356,
        "min": 0.08228514343500137
      },
      "loss_physics": {
        "mean": 2.46802552541097,
        "std": 0.24155063350687583,
        "max": 2.683199405670166,
        "min": 2.130666494369507
      },
      "loss_boundary": {
        "mean": 0.015031074794630209,
        "std": 0.00230065638816903,
        "max": 0.017583677545189857,
        "min": 0.0120075773447752
      },
      "loss_zero_vxy": {
        "mean": 0.07313650598128636,
        "std": 0.002655779184429907,
        "max": 0.0763649269938469,
        "min": 0.06986015290021896
      },
      "loss_zero_axy": {
        "mean": 1.206079125404358,
        "std": 0.026911325199110357,
        "max": 1.2266885042190552,
        "min": 1.1680657863616943
      },
      "loss_hacc": {
        "mean": 1.206079125404358,
        "std": 0.026911325199110357,
        "max": 1.2266885042190552,
        "min": 1.1680657863616943
      },
      "loss_xy_zero": {
        "mean": 0.00033652386628091335,
        "std": 1.5926896388612862e-05,
        "max": 0.00035757763544097543,
        "min": 0.0003190649440512061
      },
      "loss_pos_vel": {
        "mean": 8.924376497058498e-09,
        "std": 4.955586947828206e-10,
        "max": 9.607014739287933e-09,
        "min": 8.445684152036392e-09
      },
      "loss_smooth_pos": {
        "mean": 1.2717337310545288e-13,
        "std": 1.3230485039828677e-14,
        "max": 1.4585038634728348e-13,
        "min": 1.1686250654240754e-13
      },
      "scaled_lambda_zero_vxy * L_zero_vxy": {
        "mean": 0.07313650598128636,
        "std": 0.002655779184429907,
        "max": 0.0763649269938469,
        "min": 0.06986015290021896
      },
      "scaled_lambda_zero_axy * L_zero_axy": {
        "mean": 1.206079125404358,
        "std": 0.026911325199110357,
        "max": 1.2266885042190552,
        "min": 1.1680657863616943
      },
      "scaled_lambda_hacc * L_hacc": {
        "mean": 0.024121582508087158,
        "std": 0.0005382265039822061,
        "max": 0.024533770084381103,
        "min": 0.023361315727233888
      },
      "scaled_lambda_xy_zero * L_xy_zero": {
        "mean": 0.0016826193314045668,
        "std": 7.96344819430643e-05,
        "max": 0.0017878881772048771,
        "min": 0.0015953247202560306
      },
      "scaled_lambda_pos_vel * L_pos_vel": {
        "mean": 4.462188248529249e-09,
        "std": 2.477793473914103e-10,
        "max": 4.803507369643967e-09,
        "min": 4.222842076018196e-09
      },
      "scaled_lambda_smooth_pos * L_smooth_pos": {
        "mean": 1.2717337310545288e-16,
        "std": 1.323048503982868e-17,
        "max": 1.4585038634728348e-16,
        "min": 1.1686250654240755e-16
      },
      "scaled_lambda_data * L_data": {
        "mean": 0.08999243378639221,
        "std": 0.005463222076387102,
        "max": 0.09431346505880356,
        "min": 0.08228514343500137
      },
      "scaled_lambda_phys * L_phys": {
        "mean": 0.24680255254109698,
        "std": 0.02415506335068759,
        "max": 0.26831994056701663,
        "min": 0.2130666494369507
      },
      "horizontal_motion": {
        "x_pred_max": 0.030463948845863342,
        "y_pred_max": 0.005670171231031418,
        "vx_pred_max": 0.44247713685035706,
        "vy_pred_max": 0.00792676955461502,
        "horizontal_dist_max": 0.03058537095785141,
        "horizontal_dist_mean": 0.016433174220962236,
        "horizontal_dist_std": 0.00819717197803242
      }
    }
  },
  "checkpoint_epoch_80.pt": {
    "description": "Phase 2, epoch 80",
    "epoch": 80,
    "metrics": {
      "loss_total": {
        "mean": 1.274216850598653,
        "std": 0.036787201759661416,
        "max": 1.3262324333190918,
        "min": 1.2473536729812622
      },
      "loss_data": {
        "mean": 0.12927483270565668,
        "std": 0.006360915874673415,
        "max": 0.13410547375679016,
        "min": 0.12028755992650986
      },
      "loss_physics": {
        "mean": 2.2031581004460654,
        "std": 0.23303501280560698,
        "max": 2.4146037101745605,
        "min": 1.8785151243209839
      },
      "loss_boundary": {
        "mean": 0.027166996151208878,
        "std": 0.002559481394901778,
        "max": 0.02991153858602047,
        "min": 0.023750945925712585
      },
      "loss_zero_vxy": {
        "mean": 0.015099134917060534,
        "std": 0.0004315802056971167,
        "max": 0.01569327525794506,
        "min": 0.014681068249046803
      },
      "loss_zero_axy": {
        "mean": 0.01811046029130618,
        "std": 0.0006575754316426288,
        "max": 0.018852390348911285,
        "min": 0.017253940925002098
      },
      "loss_hacc": {
        "mean": 0.01811046029130618,
        "std": 0.0006575754316426288,
        "max": 0.018852390348911285,
        "min": 0.017253940925002098
      },
      "loss_xy_zero": {
        "mean": 2.4738732463447377e-05,
        "std": 4.542776344883092e-07,
        "max": 2.5297982574556954e-05,
        "min": 2.41852794715669e-05
      },
      "loss_pos_vel": {
        "mean": 1.4063228507647333e-08,
        "std": 1.634705890375865e-09,
        "max": 1.620000311675085e-08,
        "min": 1.223061563138117e-08
      },
      "loss_smooth_pos": {
        "mean": 6.949591817093324e-14,
        "std": 6.224038844147448e-15,
        "max": 7.741784914961497e-14,
        "min": 6.221226604621183e-14
      },
      "scaled_lambda_zero_vxy * L_zero_vxy": {
        "mean": 0.015099134917060534,
        "std": 0.0004315802056971167,
        "max": 0.01569327525794506,
        "min": 0.014681068249046803
      },
      "scaled_lambda_zero_axy * L_zero_axy": {
        "mean": 0.01811046029130618,
        "std": 0.0006575754316426288,
        "max": 0.018852390348911285,
        "min": 0.017253940925002098
      },
      "scaled_lambda_hacc * L_hacc": {
        "mean": 0.00036220920582612356,
        "std": 1.3151508632852579e-05,
        "max": 0.0003770478069782257,
        "min": 0.00034507881850004196
      },
      "scaled_lambda_xy_zero * L_xy_zero": {
        "mean": 0.00012369366231723689,
        "std": 2.271388172441546e-06,
        "max": 0.00012648991287278477,
        "min": 0.0001209263973578345
      },
      "scaled_lambda_pos_vel * L_pos_vel": {
        "mean": 7.031614253823666e-09,
        "std": 8.173529451879325e-10,
        "max": 8.100001558375425e-09,
        "min": 6.115307815690585e-09
      },
      "scaled_lambda_smooth_pos * L_smooth_pos": {
        "mean": 6.949591817093324e-17,
        "std": 6.2240388441474484e-18,
        "max": 7.741784914961497e-17,
        "min": 6.221226604621183e-17
      },
      "scaled_lambda_data * L_data": {
        "mean": 0.12927483270565668,
        "std": 0.006360915874673415,
        "max": 0.13410547375679016,
        "min": 0.12028755992650986
      },
      "scaled_lambda_phys * L_phys": {
        "mean": 0.22031581004460654,
        "std": 0.023303501280560697,
        "max": 0.24146037101745607,
        "min": 0.1878515124320984
      },
      "horizontal_motion": {
        "x_pred_max": 0.011718645691871643,
        "y_pred_max": 0.010769907385110855,
        "vx_pred_max": 0.1704035997390747,
        "vy_pred_max": 0.00853053480386734,
        "horizontal_dist_max": 0.01196206547319889,
        "horizontal_dist_mean": 0.004272177768090755,
        "horizontal_dist_std": 0.0025472318230634053
      }
    }
  },
  "last.pt": {
    "description": "Phase 2, epoch 86",
    "epoch": 86,
    "metrics": {
      "loss_total": {
        "mean": 0.8876860936482748,
        "std": 0.018847111859901098,
        "max": 0.9128674864768982,