{
  "rmse_total": 0.19686391949653625,
  "rmse_per_component": {
    "x": 0.01915230229496956,
    "y": 0.002838837681338191,
    "z": 0.06715212017297745,
    "vx": 0.27643588185310364,
    "vy": 0.0028082297649234533,
    "vz": 0.5806494951248169,
    "q0": 0.07825922966003418,
    "q1": 0.0011917493538931012,
    "q2": 0.34306424856185913,
    "q3": 0.0007993517792783678,
    "wx": 0.0008397614001296461,
    "wy": 0.008756238035857677,
    "wz": 0.0007256043027155101,
    "m": 0.01466702576726675
  },
  "rmse_translation": 0.26409071683883667,
  "rmse_rotation": 0.13303978741168976,
  "rmse_mass": 0.014667043462395668,
  "delta_state_norm_mean": 2.7399508953094482,
  "delta_state_norm_max": 7.544527053833008,
  "quat_norm_mean_after": 1.0,
  "quat_norm_std_after": 4.2327570781708346e-08
}