{
  "rmse_total": 0.8388994336128235,
  "rmse_per_component": {
    "x": 6.888633834023494e-06,
    "y": 2.8690375984297134e-05,
    "z": 0.9127129912376404,
    "vx": 0.16989801824092865,
    "vy": 0.05954304337501526,
    "vz": 2.9800052642822266,
    "q0": 0.1745554655790329,
    "q1": 0.14845643937587738,
    "q2": 0.1727597564458847,
    "q3": 0.06193194165825844,
    "wx": 4.327922852098709e-06,
    "wy": 1.728629467834253e-05,
    "wz": 2.8064414436812513e-06,
    "m": 0.14291046559810638
  },
  "rmse_translation": 1.2744872570037842,
  "rmse_rotation": 0.11096960306167603,
  "rmse_mass": 0.14291146397590637,
  "delta_state_norm_mean": 1.3751697736097412e-07,
  "delta_state_norm_max": 3.8685817571604275e-07,
  "quat_norm_mean_after": 0.8585202097892761,
  "quat_norm_std_after": 4.303187850496215e-08
}