{
  "rmse_total": 0.9192615151405334,
  "rmse_per_component": {
    "x": 0.000385228602681309,
    "y": 0.0001612236665096134,
    "z": 1.016370415687561,
    "vx": 0.14546304941177368,
    "vy": 0.00017148576444014907,
    "vz": 3.249141216278076,
    "q0": 0.3993234634399414,
    "q1": 0.00020368715922813863,
    "q2": 0.09687981009483337,
    "q3": 0.00031812337692826986,
    "wx": 0.0002207883371738717,
    "wy": 0.00038273746031336486,
    "wz": 0.00031681155087426305,
    "m": 0.22498799860477448
  }
}