{
  "rmse_total": 1.0733155012130737,
  "rmse_per_component": {
    "x": 1.387332576996414e-05,
    "y": 3.341496721986914e-06,
    "z": 1.0982621908187866,
    "vx": 0.01400927547365427,
    "vy": 1.8586326405056752e-05,
    "vz": 3.4670119285583496,
    "q0": 0.9997496604919434,
    "q1": 0.026540324091911316,
    "q2": 0.00730411522090435,
    "q3": 0.001981691922992468,
    "wx": 5.611673714156495e-06,
    "wy": 1.9774330212385394e-05,
    "wz": 2.4530876544304192e-05,
    "m": 1.378910779953003
  },
  "rmse_translation": 1.4847345352172852,
  "rmse_rotation": 0.37796446681022644,
  "rmse_mass": 1.378936767578125,
  "delta_state_norm_mean": 0.040743764489889145,
  "delta_state_norm_max": 0.08803806453943253,
  "quat_norm_mean_after": 1.9998093843460083,
  "quat_norm_std_after": 1.8618824526583921e-07,
  "debug_stats": {
    "quat_norm_mean": 1.0,
    "quat_norm_std": 0.0,
    "mass_increase_ratio": 0.0,
    "delta_state_l2_mean": 1.5622963666915894,
    "delta_state_l2_max": 1.7085622549057007,
    "shared_embedding_stats": {
      "mean": 6.512433037286769e-10,
      "std": 0.9999957084655762,
      "min": -3.995413064956665,
      "max": 3.5558249950408936
    }
  }
}