{
  "rmse_total": 0.2854430079460144,
  "rmse_per_component": {
    "x": 0.025509081780910492,
    "y": 0.0007058950723148882,
    "z": 0.278386652469635,
    "vx": 0.06836804002523422,
    "vy": 0.0028336786199361086,
    "vz": 0.8891692161560059,
    "q0": 0.12318394333124161,
    "q1": 0.09149901568889618,
    "q2": 0.4717600345611572,
    "q3": 0.017284711822867393,
    "wx": 0.005912569351494312,
    "wy": 0.035082392394542694,
    "wz": 0.02933979406952858,
    "m": 0.13685575127601624
  },
  "rmse_translation": 0.38154634833335876,
  "rmse_rotation": 0.18841175734996796,
  "rmse_mass": 0.13685594499111176,
  "delta_state_norm_mean": 2.965111494064331,
  "delta_state_norm_max": 6.226338863372803,
  "quat_norm_mean_after": 1.0,
  "quat_norm_std_after": 1.1056684456889343e-08
}