{
  "rmse_total": 0.19686391949653625,
  "rmse_per_component": {
    "x": 0.01915229856967926,
    "y": 0.002838835120201111,
    "z": 0.06715212017297745,
    "vx": 0.27643588185310364,
    "vy": 0.002808232558891177,
    "vz": 0.5806494951248169,
    "q0": 0.07825922966003418,
    "q1": 0.001191749470308423,
    "q2": 0.34306421875953674,
    "q3": 0.0007993520121090114,
    "wx": 0.0008397625060752034,
    "wy": 0.008756238967180252,
    "wz": 0.0007256004028022289,
    "m": 0.014667016454041004
  },
  "rmse_translation": 0.26409071683883667,
  "rmse_rotation": 0.13303978741168976,
  "rmse_mass": 0.014667040668427944,
  "delta_state_norm_mean": 2.7399508953094482,
  "delta_state_norm_max": 7.544528484344482,
  "quat_norm_mean_after": 1.0,
  "quat_norm_std_after": 4.143606702200486e-08
}